agri,best1_recipe,best2_recipe,best3_recipe,best4_recipe
콩,JzyYs3lV2Gs,Sxi31LRvr40,0q0btGvIrWY,iGhOobaQHso
메밀,2y4Jvvmj7LY,2y4Jvvmj7LY,2y4Jvvmj7LY,2y4Jvvmj7LY
고구마,aXJgN_JjYDg,#NAME?,G25SAhShmQw,QFTBQF5l0Ro
감자,스팸감자볶음만들기,간단하게_해먹는_간식_휴게소감자_버터구이감자,No_감자새우덮밥_고급스러운_중식덮밥,실패없이_만드는_밥도둑_감자스팸간장조림_황금레시피
수수,yI67M3IS4GI,VNw-hUTboNs,uB37XeU5SwM,9YlFFVisCBY
배추,Uuo8iv0pTEk,Uuo8iv0pTEk,Uuo8iv0pTEk,Uuo8iv0pTEk
토마토,kWBAoeDR2a8,kWBAoeDR2a8,kWBAoeDR2a8,kWBAoeDR2a8
파,2ZDmN3xReA4,2ZDmN3xReA4,2ZDmN3xReA4,2ZDmN3xReA4
가지,전자레인지_분_완성_가지무침_레시피,가지구이무침_가지_싫어하는_신랑님_입맛_사로잡은_가지요리,백종원_가지밥_이거_진짜_강추,가지나물_들깨_무침_가지로_만들_수_있는_요리_가지가지
새우,HHxrciV2-MU,zB951RGv1EI,5WSftQYmMe8,11lVLe1vnb0
양배추,GFgvoi5E1uQ,GFgvoi5E1uQ,GFgvoi5E1uQ,GFgvoi5E1uQ
시금치,XU5Jv4e7DKw,JV5pUbCiy1s,tD8ApzPsDx8,81gLJ5kRu4Y
갓,_Vx9xRRY9WE,_Vx9xRRY9WE,_Vx9xRRY9WE,_Vx9xRRY9WE
수박,8PEOg1YFqUU,PjQfWuNHZlo,qI1LRerUWXQ,wAktJuv7REY
참외,qRQTGSUv1b8,qRQTGSUv1b8,qRQTGSUv1b8,qRQTGSUv1b8
오이,H38H9SfJqXE,H38H9SfJqXE,H38H9SfJqXE,H38H9SfJqXE
호박,fdW2duLTBLU,fdW2duLTBLU,fdW2duLTBLU,fdW2duLTBLU
무,XU5Jv4e7DKw,mjLPNh11_xs,xNUvkgONOOM,vG07DHeNH9c
열무,8PEOg1YFqUU,8PEOg1YFqUU,8PEOg1YFqUU,8PEOg1YFqUU
귀리,귀리현미견과강정,귀리죽_만들기,귀리밥과_하이라이스구수한_밥맛과_토마토의_상큼함이_잘_어우러진_별미식사,오트밀쿠키귀리로_만든_건강쿠키
쌀,쌀떡볶이강정,쌀크랙쿠키,투톤버터링쌀쿠키_쌀베이킹,체리쌀_마들렌_만들기
갈치,칼칼한갈치감자조림_초보분들도_따라하기쉬워요,맛있는_감자갈치조림,여름찌개로_좋은_호박갈치찌개_갈치호박찌개,초간단_갈치감자조림만들기
감귤,감귤_그라니따Tangerine_Granita_제철과일_디저트,감귤_꿀_배숙,제주감귤호떡,감귤에이드_만들기_시원한_말복음료_청귤사이다에서_귤과즙이_팡팡_터져요_
